,method,mae,r2,random_state
0,no_alignment,17.608674145776693,-0.025599738777038583,15795
1,dummy,20.422535211267604,-0.07122895866706958,15795
2,align_z_score,12.621568624130271,0.3767509236983628,15795
3,dummy,20.422535211267604,-0.07122895866706958,15795
4,align_recenter,14.773256791207357,0.3224382303113096,15795
5,dummy,20.422535211267604,-0.07122895866706958,15795
6,align_recenter_rescale,12.031517783492326,0.4759533738673094,15795
7,dummy,20.422535211267604,-0.07122895866706958,15795
8,align_procrustes,16.729552933667303,0.09354206764613171,15795
9,dummy,20.422535211267604,-0.07122895866706958,15795
0,no_alignment,16.080564151433414,0.1578842704628587,860
1,dummy,20.422535211267604,-0.05675324925235237,860
2,align_z_score,14.753063401613385,0.2902225436250463,860
3,dummy,20.422535211267604,-0.05675324925235237,860
4,align_recenter,14.72707544745337,0.33111752804919836,860
5,dummy,20.422535211267604,-0.05675324925235237,860
6,align_recenter_rescale,11.583882306233923,0.5152787067681008,860
7,dummy,20.422535211267604,-0.05675324925235237,860
8,align_procrustes,18.115747137184062,0.022702808654081474,860
9,dummy,20.422535211267604,-0.05675324925235237,860
0,no_alignment,13.973152921512824,0.3663992049063166,76820
1,dummy,20.422535211267604,-0.07270150263083797,76820
2,align_z_score,13.56794123842097,0.36166955246135835,76820
3,dummy,20.422535211267604,-0.07270150263083797,76820
4,align_recenter,14.958686560090273,0.29887721884436735,76820
5,dummy,20.422535211267604,-0.07270150263083797,76820
6,align_recenter_rescale,12.492573816623334,0.4378607538624715,76820
7,dummy,20.422535211267604,-0.07270150263083797,76820
8,align_procrustes,17.698628763660203,0.011067748541500166,76820
9,dummy,20.422535211267604,-0.07270150263083797,76820
0,no_alignment,16.245215280507416,0.13438471574775546,54886
1,dummy,20.76525821596244,-0.08508659950968478,54886
2,align_z_score,14.782587226185644,0.29099948750351956,54886
3,dummy,20.76525821596244,-0.08508659950968478,54886
4,align_recenter,15.545793716786639,0.24860469165832777,54886
5,dummy,20.76525821596244,-0.08508659950968478,54886
6,align_recenter_rescale,12.455014750621608,0.47978608603608974,54886
7,dummy,20.76525821596244,-0.08508659950968478,54886
8,align_procrustes,17.480059117840753,0.008623987437826885,54886
9,dummy,20.76525821596244,-0.08508659950968478,54886
0,no_alignment,14.43363491188941,0.2703822336258822,6265
1,dummy,20.76525821596244,-0.08057326119835229,6265
2,align_z_score,14.674007469531103,0.30692323803944843,6265
3,dummy,20.76525821596244,-0.08057326119835229,6265
4,align_recenter,14.10207909751083,0.3589431586063817,6265
5,dummy,20.76525821596244,-0.08057326119835229,6265
6,align_recenter_rescale,11.27284547046445,0.531727538288638,6265
7,dummy,20.76525821596244,-0.08057326119835229,6265
8,align_procrustes,17.414243162261428,0.04016297495777266,6265
9,dummy,20.76525821596244,-0.08057326119835229,6265
0,no_alignment,14.841490594919826,0.28518975784245726,82386
1,dummy,20.079812206572768,-0.05219526306367617,82386
2,align_z_score,13.163658167064334,0.41377290320107885,82386
3,dummy,20.079812206572768,-0.05219526306367617,82386
4,align_recenter,13.956083862290756,0.37171443727066245,82386
5,dummy,20.079812206572768,-0.05219526306367617,82386
6,align_recenter_rescale,11.592962154532024,0.5329551999294544,82386
7,dummy,20.079812206572768,-0.05219526306367617,82386
8,align_procrustes,17.53047189549036,-0.014205823911739524,82386
9,dummy,20.079812206572768,-0.05219526306367617,82386
0,no_alignment,12.733329736595689,0.4470527100617435,37194
1,dummy,20.422535211267604,-0.05446704590200646,37194
2,align_z_score,14.278840598449962,0.32893085715505777,37194
3,dummy,20.422535211267604,-0.05446704590200646,37194
4,align_recenter,13.12060095197867,0.439791608345398,37194
5,dummy,20.422535211267604,-0.05446704590200646,37194
6,align_recenter_rescale,11.260803503755614,0.5304483042275465,37194
7,dummy,20.422535211267604,-0.05446704590200646,37194
8,align_procrustes,17.271934459720477,0.0891752058509625,37194
9,dummy,20.422535211267604,-0.05446704590200646,37194
0,no_alignment,15.790568274416271,0.15235836624141785,87498
1,dummy,20.422535211267604,-0.07559375453116668,87498
2,align_z_score,13.065227104496042,0.3921123430301102,87498
3,dummy,20.422535211267604,-0.07559375453116668,87498
4,align_recenter,14.514004707705405,0.32266851013056363,87498
5,dummy,20.422535211267604,-0.07559375453116668,87498
6,align_recenter_rescale,12.959702952013549,0.4152678581917866,87498
7,dummy,20.422535211267604,-0.07559375453116668,87498
8,align_procrustes,17.835466161794432,-0.009125598942841595,87498
9,dummy,20.422535211267604,-0.07559375453116668,87498
0,no_alignment,14.62757943946383,0.2958497888093464,44131
1,dummy,20.76525821596244,-0.08353414447288388,44131
2,align_z_score,15.761632451647419,0.16448501875564647,44131
3,dummy,20.76525821596244,-0.08353414447288388,44131
4,align_recenter,13.193895756936737,0.42307021869010264,44131
5,dummy,20.76525821596244,-0.08353414447288388,44131
6,align_recenter_rescale,12.149158055706,0.46765847774744596,44131
7,dummy,20.76525821596244,-0.08353414447288388,44131
8,align_procrustes,18.39147209098849,-0.08709570022919522,44131
9,dummy,20.76525821596244,-0.08353414447288388,44131
0,no_alignment,14.93884158387947,0.282450701682896,60263
1,dummy,20.079812206572768,-0.05288155246885551,60263
2,align_z_score,15.92610789105076,0.22352789710379606,60263
3,dummy,20.079812206572768,-0.05288155246885551,60263
4,align_recenter,14.73096338918748,0.3498663991173413,60263
5,dummy,20.079812206572768,-0.05288155246885551,60263
6,align_recenter_rescale,12.255897700015856,0.4912717972459002,60263
7,dummy,20.079812206572768,-0.05288155246885551,60263
8,align_procrustes,16.850192138075705,0.11352695759659126,60263
9,dummy,20.079812206572768,-0.05288155246885551,60263
0,no_alignment,13.60574403386105,0.4000889745530787,16023
1,dummy,20.422535211267604,-0.06741901403656247,16023
2,align_z_score,15.831378081771323,0.22451092788962446,16023
3,dummy,20.422535211267604,-0.06741901403656247,16023
4,align_recenter,15.287171568500106,0.2547350832341856,16023
5,dummy,20.422535211267604,-0.06741901403656247,16023
6,align_recenter_rescale,13.035901422018195,0.4556643740278731,16023
7,dummy,20.422535211267604,-0.06741901403656247,16023
8,align_procrustes,18.441503717304247,-0.08309677923659486,16023
9,dummy,20.422535211267604,-0.06741901403656247,16023
0,no_alignment,16.369483686383045,0.09361815804463991,41090
1,dummy,20.079812206572768,-0.05992115650548002,41090
2,align_z_score,14.092799147639779,0.33362052521398344,41090
3,dummy,20.079812206572768,-0.05992115650548002,41090
4,align_recenter,14.826027330662503,0.33258716259100796,41090
5,dummy,20.079812206572768,-0.05992115650548002,41090
6,align_recenter_rescale,12.633454034021026,0.46213010510340824,41090
7,dummy,20.079812206572768,-0.05992115650548002,41090
8,align_procrustes,17.306002180314064,-0.01905075246949961,41090
9,dummy,20.079812206572768,-0.05992115650548002,41090
0,no_alignment,16.88711253489118,0.03696610582412019,67221
1,dummy,20.422535211267604,-0.06492511517171273,67221
2,align_z_score,13.682781728917057,0.37841391298902893,67221
3,dummy,20.422535211267604,-0.06492511517171273,67221
4,align_recenter,14.891690287865075,0.2925926481949076,67221
5,dummy,20.422535211267604,-0.06492511517171273,67221
6,align_recenter_rescale,12.512266747031514,0.45022000171411647,67221
7,dummy,20.422535211267604,-0.06492511517171273,67221
8,align_procrustes,18.74160046824862,-0.036659677011444236,67221
9,dummy,20.422535211267604,-0.06492511517171273,67221
0,no_alignment,15.071242741415137,0.24815239864439276,64820
1,dummy,20.079812206572768,-0.04714452173130246,64820
2,align_z_score,13.903055103023602,0.35123198858959004,64820
3,dummy,20.079812206572768,-0.04714452173130246,64820
4,align_recenter,14.955565899032127,0.3065399168570644,64820
5,dummy,20.079812206572768,-0.04714452173130246,64820
6,align_recenter_rescale,12.687509958026778,0.4724026216478264,64820
7,dummy,20.079812206572768,-0.04714452173130246,64820
8,align_procrustes,17.219445979182655,0.07673238827642248,64820
9,dummy,20.079812206572768,-0.04714452173130246,64820
0,no_alignment,13.990559984691807,0.34384163781227817,769
1,dummy,20.422535211267604,-0.0575200620348828,769
2,align_z_score,12.953096023106326,0.4262601490458725,769
3,dummy,20.422535211267604,-0.0575200620348828,769
4,align_recenter,13.98475872672905,0.38008315042859353,769
5,dummy,20.422535211267604,-0.0575200620348828,769
6,align_recenter_rescale,11.717476106640259,0.5290058401217941,769
7,dummy,20.422535211267604,-0.0575200620348828,769
8,align_procrustes,17.684241982847052,0.01979040849686098,769
9,dummy,20.422535211267604,-0.0575200620348828,769
0,no_alignment,14.858074508782796,0.2742107816233441,59735
1,dummy,20.422535211267604,-0.07153370179446905,59735
2,align_z_score,15.930494410342636,0.23194047281976304,59735
3,dummy,20.422535211267604,-0.07153370179446905,59735
4,align_recenter,14.60149851013262,0.30512684856967776,59735
5,dummy,20.422535211267604,-0.07153370179446905,59735
6,align_recenter_rescale,11.79908202067545,0.5245734479307943,59735
7,dummy,20.422535211267604,-0.07153370179446905,59735
8,align_procrustes,17.668841495499837,0.026671643182653804,59735
9,dummy,20.422535211267604,-0.07153370179446905,59735
0,no_alignment,15.181169457706257,0.2197389385533649,62955
1,dummy,20.079812206572768,-0.0621578831723677,62955
2,align_z_score,13.99173460162007,0.3517106140743498,62955
3,dummy,20.079812206572768,-0.0621578831723677,62955
4,align_recenter,14.985961367120916,0.30927330310338796,62955
5,dummy,20.079812206572768,-0.0621578831723677,62955
6,align_recenter_rescale,12.931645567948395,0.44280711299837916,62955
7,dummy,20.079812206572768,-0.0621578831723677,62955
8,align_procrustes,17.898206703270453,0.00791416617192664,62955
9,dummy,20.079812206572768,-0.0621578831723677,62955
0,no_alignment,13.93404918108876,0.3780336289446833,64925
1,dummy,20.422535211267604,-0.08462973126494444,64925
2,align_z_score,14.61441483527866,0.3196686222218512,64925
3,dummy,20.422535211267604,-0.08462973126494444,64925
4,align_recenter,15.625749138482172,0.2553788214656889,64925
5,dummy,20.422535211267604,-0.08462973126494444,64925
6,align_recenter_rescale,11.71583365617965,0.5174596498882732,64925
7,dummy,20.422535211267604,-0.08462973126494444,64925
8,align_procrustes,17.74832797758156,0.004751543232118904,64925
9,dummy,20.422535211267604,-0.08462973126494444,64925
0,no_alignment,14.465049792668122,0.2740593414515675,67969
1,dummy,20.079812206572768,-0.05939878005550869,67969
2,align_z_score,12.962407652987478,0.41504419586476626,67969
3,dummy,20.079812206572768,-0.05939878005550869,67969
4,align_recenter,13.5362610505988,0.40548307581310106,67969
5,dummy,20.079812206572768,-0.05939878005550869,67969
6,align_recenter_rescale,11.319099344851038,0.5458452668649991,67969
7,dummy,20.079812206572768,-0.05939878005550869,67969
8,align_procrustes,16.463756807287798,0.11596401960252067,67969
9,dummy,20.079812206572768,-0.05939878005550869,67969
0,no_alignment,14.526563156156799,0.28361121956895685,5311
1,dummy,20.422535211267604,-0.07376254377049363,5311
2,align_z_score,13.135414260472684,0.4293470756601767,5311
3,dummy,20.422535211267604,-0.07376254377049363,5311
4,align_recenter,14.46630509080142,0.3404992544276937,5311
5,dummy,20.422535211267604,-0.07376254377049363,5311
6,align_recenter_rescale,12.159525181155987,0.47120844849262367,5311
7,dummy,20.422535211267604,-0.07376254377049363,5311
8,align_procrustes,18.22677368836295,-0.024043417910069698,5311
9,dummy,20.422535211267604,-0.07376254377049363,5311
0,no_alignment,15.08481059247921,0.25426213372456463,83104
1,dummy,20.76525821596244,-0.10347355306539585,83104
2,align_z_score,13.34352479036795,0.40262159821696,83104
3,dummy,20.76525821596244,-0.10347355306539585,83104
4,align_recenter,15.550097159509265,0.24170187999123127,83104
5,dummy,20.76525821596244,-0.10347355306539585,83104
6,align_recenter_rescale,12.196728880966546,0.46490007756182117,83104
7,dummy,20.76525821596244,-0.10347355306539585,83104
8,align_procrustes,19.148304433991843,-0.21643571042974874,83104
9,dummy,20.76525821596244,-0.10347355306539585,83104
0,no_alignment,13.5378195891636,0.3623081192450083,53707
1,dummy,20.079812206572768,-0.049764916204765086,53707
2,align_z_score,14.112686000575092,0.3422443511291843,53707
3,dummy,20.079812206572768,-0.049764916204765086,53707
4,align_recenter,15.199380644216376,0.26506834395667167,53707
5,dummy,20.079812206572768,-0.049764916204765086,53707
6,align_recenter_rescale,11.813037540102632,0.4846423307160783,53707
7,dummy,20.079812206572768,-0.049764916204765086,53707
8,align_procrustes,17.396331957332695,0.057137315591821,53707
9,dummy,20.079812206572768,-0.049764916204765086,53707
0,no_alignment,13.155414287283653,0.41142913797777714,85305
1,dummy,20.422535211267604,-0.06935782551093861,85305
2,align_z_score,13.93265595622905,0.3270355326460477,85305
3,dummy,20.422535211267604,-0.06935782551093861,85305
4,align_recenter,15.27339729004894,0.26925346582876575,85305
5,dummy,20.422535211267604,-0.06935782551093861,85305
6,align_recenter_rescale,12.442328494203839,0.4750713582255409,85305
7,dummy,20.422535211267604,-0.06935782551093861,85305
8,align_procrustes,19.49245022348507,-0.1838775613594772,85305
9,dummy,20.422535211267604,-0.06935782551093861,85305
0,no_alignment,14.61406527191996,0.2697290625837163,28693
1,dummy,20.422535211267604,-0.06975265142158515,28693
2,align_z_score,15.369859648796325,0.2666872112749099,28693
3,dummy,20.422535211267604,-0.06975265142158515,28693
4,align_recenter,14.55196671909839,0.32467060989559116,28693
5,dummy,20.422535211267604,-0.06975265142158515,28693
6,align_recenter_rescale,13.394127111850178,0.40812744761765196,28693
7,dummy,20.422535211267604,-0.06975265142158515,28693
8,align_procrustes,17.55004896184341,0.025465464342651845,28693
9,dummy,20.422535211267604,-0.06975265142158515,28693
0,no_alignment,14.531932110271553,0.2650234029753803,71932
1,dummy,20.422535211267604,-0.07197290970241244,71932
2,align_z_score,14.302518352604734,0.37974283075868553,71932
3,dummy,20.422535211267604,-0.07197290970241244,71932
4,align_recenter,14.789500674297498,0.3128738691628299,71932
5,dummy,20.422535211267604,-0.07197290970241244,71932
6,align_recenter_rescale,12.17891130554842,0.4839700138548154,71932
7,dummy,20.422535211267604,-0.07197290970241244,71932
8,align_procrustes,18.566696206689162,-0.09476986998642101,71932
9,dummy,20.422535211267604,-0.07197290970241244,71932
0,no_alignment,13.416676629170432,0.4005332249649497,93016
1,dummy,20.76525821596244,-0.08600402560823706,93016
2,align_z_score,14.011340874025999,0.36368537891271313,93016
3,dummy,20.76525821596244,-0.08600402560823706,93016
4,align_recenter,13.826523976167609,0.37967782629222313,93016
5,dummy,20.76525821596244,-0.08600402560823706,93016
6,align_recenter_rescale,13.397403058755982,0.4019942905582208,93016
7,dummy,20.76525821596244,-0.08600402560823706,93016
8,align_procrustes,17.473921802956593,0.011013510806098803,93016
9,dummy,20.76525821596244,-0.08600402560823706,93016
0,no_alignment,15.173570179733805,0.2347556639326971,25658
1,dummy,20.76525821596244,-0.08596221769770995,25658
2,align_z_score,12.701784480069133,0.4075626154853418,25658
3,dummy,20.76525821596244,-0.08596221769770995,25658
4,align_recenter,15.10745853608205,0.2605566908416699,25658
5,dummy,20.76525821596244,-0.08596221769770995,25658
6,align_recenter_rescale,12.426638509131882,0.4504083495271123,25658
7,dummy,20.76525821596244,-0.08596221769770995,25658
8,align_procrustes,18.143131831812536,-0.045117767788795504,25658
9,dummy,20.76525821596244,-0.08596221769770995,25658
0,no_alignment,14.975876787475064,0.2857440696403094,84478
1,dummy,20.422535211267604,-0.06044581990322273,84478
2,align_z_score,14.682898584401304,0.3447814608957098,84478
3,dummy,20.422535211267604,-0.06044581990322273,84478
4,align_recenter,13.658677748585864,0.39094225615526945,84478
5,dummy,20.422535211267604,-0.06044581990322273,84478
6,align_recenter_rescale,11.95902031831155,0.4937280006354938,84478
7,dummy,20.422535211267604,-0.06044581990322273,84478
8,align_procrustes,16.275169809427027,0.1181474024758612,84478
9,dummy,20.422535211267604,-0.06044581990322273,84478
0,no_alignment,14.9061005017247,0.24704940386925578,18431
1,dummy,20.76525821596244,-0.09593401317328198,18431
2,align_z_score,15.903611314188336,0.19110184343823788,18431
3,dummy,20.76525821596244,-0.09593401317328198,18431
4,align_recenter,15.238744145379474,0.25116542239445916,18431
5,dummy,20.76525821596244,-0.09593401317328198,18431
6,align_recenter_rescale,13.330329899585818,0.38610952357766004,18431
7,dummy,20.76525821596244,-0.09593401317328198,18431
8,align_procrustes,18.122479569070876,0.024911292990791867,18431
9,dummy,20.76525821596244,-0.09593401317328198,18431
0,no_alignment,13.317836275909672,0.4169628307343892,2747
1,dummy,20.422535211267604,-0.05734921451003139,2747
2,align_z_score,12.780872585112704,0.41696925431218657,2747
3,dummy,20.422535211267604,-0.05734921451003139,2747
4,align_recenter,14.892145269512364,0.31970653808272365,2747
5,dummy,20.422535211267604,-0.05734921451003139,2747
6,align_recenter_rescale,12.378141635561628,0.47009436879060207,2747
7,dummy,20.422535211267604,-0.05734921451003139,2747
8,align_procrustes,16.205734481504887,0.13194251107848265,2747
9,dummy,20.422535211267604,-0.05734921451003139,2747
0,no_alignment,12.780071626218389,0.46140640818438927,59150
1,dummy,20.422535211267604,-0.06396595497843571,59150
2,align_z_score,13.118529756761566,0.4296120394451707,59150
3,dummy,20.422535211267604,-0.06396595497843571,59150
4,align_recenter,13.123892459852552,0.4428702848085325,59150
5,dummy,20.422535211267604,-0.06396595497843571,59150
6,align_recenter_rescale,11.05321773853792,0.5653135331111766,59150
7,dummy,20.422535211267604,-0.06396595497843571,59150
8,align_procrustes,17.339958136310823,0.004965522316884852,59150
9,dummy,20.422535211267604,-0.06396595497843571,59150
0,no_alignment,15.365153719743839,0.23098859230657998,65725
1,dummy,20.422535211267604,-0.08334881038653164,65725
2,align_z_score,13.116737723893207,0.43212541177210906,65725
3,dummy,20.422535211267604,-0.08334881038653164,65725
4,align_recenter,14.73776307522145,0.3029380937061835,65725
5,dummy,20.422535211267604,-0.08334881038653164,65725
6,align_recenter_rescale,12.137835530796583,0.47251205502681104,65725
7,dummy,20.422535211267604,-0.08334881038653164,65725
8,align_procrustes,17.77244370658478,-0.007692047381998135,65725
9,dummy,20.422535211267604,-0.08334881038653164,65725
0,no_alignment,14.175542692300285,0.3491674843211211,84654
1,dummy,20.422535211267604,-0.06556243606826051,84654
2,align_z_score,13.656889523326383,0.35814283655928614,84654
3,dummy,20.422535211267604,-0.06556243606826051,84654
4,align_recenter,14.236530139842404,0.3362028312044565,84654
5,dummy,20.422535211267604,-0.06556243606826051,84654
6,align_recenter_rescale,12.191454136437809,0.5024684522211345,84654
7,dummy,20.422535211267604,-0.06556243606826051,84654
8,align_procrustes,16.257263860023954,0.054499319246735234,84654
9,dummy,20.422535211267604,-0.06556243606826051,84654
0,no_alignment,15.0429900423475,0.20602053286231858,35773
1,dummy,20.422535211267604,-0.07314427563625148,35773
2,align_z_score,17.06350282746295,0.08120691059413276,35773
3,dummy,20.422535211267604,-0.07314427563625148,35773
4,align_recenter,13.59383012109697,0.407956157167117,35773
5,dummy,20.422535211267604,-0.07314427563625148,35773
6,align_recenter_rescale,12.739500121318994,0.4473311823592241,35773
7,dummy,20.422535211267604,-0.07314427563625148,35773
8,align_procrustes,18.089604825966262,-0.025369863067452814,35773
9,dummy,20.422535211267604,-0.07314427563625148,35773
0,no_alignment,15.017469037594758,0.254055651250955,67435
1,dummy,20.422535211267604,-0.07039426925678538,67435
2,align_z_score,14.575692469128553,0.321508082287432,67435
3,dummy,20.422535211267604,-0.07039426925678538,67435
4,align_recenter,14.418647144161726,0.32085891512879594,67435
5,dummy,20.422535211267604,-0.07039426925678538,67435
6,align_recenter_rescale,12.392020332513555,0.4686545427424432,67435
7,dummy,20.422535211267604,-0.07039426925678538,67435
8,align_procrustes,17.30036066238713,0.028783113573498054,67435
9,dummy,20.422535211267604,-0.07039426925678538,67435
0,no_alignment,13.878630863321021,0.37943228665720696,56886
1,dummy,20.079812206572768,-0.057982619607994446,56886
2,align_z_score,13.21123821631182,0.4344340714908761,56886
3,dummy,20.079812206572768,-0.057982619607994446,56886
4,align_recenter,13.889468449847788,0.365415802645361,56886
5,dummy,20.079812206572768,-0.057982619607994446,56886
6,align_recenter_rescale,12.328415584657307,0.47916656411260117,56886
7,dummy,20.079812206572768,-0.057982619607994446,56886
8,align_procrustes,17.268229447785373,0.07059110678757463,56886
9,dummy,20.079812206572768,-0.057982619607994446,56886
0,no_alignment,14.83077380350282,0.27634137547074433,66803
1,dummy,20.422535211267604,-0.0732021277380277,66803
2,align_z_score,13.526631223461186,0.3741912082447254,66803
3,dummy,20.422535211267604,-0.0732021277380277,66803
4,align_recenter,14.459501762257077,0.3413548429084464,66803
5,dummy,20.422535211267604,-0.0732021277380277,66803
6,align_recenter_rescale,12.96945565220805,0.43752680246021525,66803
7,dummy,20.422535211267604,-0.0732021277380277,66803
8,align_procrustes,17.88376939216167,-0.03984145976252873,66803
9,dummy,20.422535211267604,-0.0732021277380277,66803
0,no_alignment,14.452750658362307,0.3192529934056859,31551
1,dummy,20.76525821596244,-0.0822002452325008,31551
2,align_z_score,12.741795410787491,0.42301335008414953,31551
3,dummy,20.76525821596244,-0.0822002452325008,31551
4,align_recenter,15.397754409163184,0.27048006892076515,31551
5,dummy,20.76525821596244,-0.0822002452325008,31551
6,align_recenter_rescale,13.307321946532975,0.4093962543832952,31551
7,dummy,20.76525821596244,-0.0822002452325008,31551
8,align_procrustes,18.64057491568602,-0.07851497551039288,31551
9,dummy,20.76525821596244,-0.0822002452325008,31551
0,no_alignment,15.38123132501341,0.2469425669378792,11394
1,dummy,20.079812206572768,-0.055067643481554907,11394
2,align_z_score,13.377189770348485,0.421428155843933,11394
3,dummy,20.079812206572768,-0.055067643481554907,11394
4,align_recenter,13.117729714528219,0.45472283757722654,11394
5,dummy,20.079812206572768,-0.055067643481554907,11394
6,align_recenter_rescale,11.57743182281879,0.5287285407744337,11394
7,dummy,20.079812206572768,-0.055067643481554907,11394
8,align_procrustes,17.448493879723408,-0.009743749018338965,11394
9,dummy,20.079812206572768,-0.055067643481554907,11394
0,no_alignment,12.768209012169399,0.4490926539355674,69092
1,dummy,20.76525821596244,-0.09708563274469317,69092
2,align_z_score,12.310518356023763,0.44170853069622995,69092
3,dummy,20.76525821596244,-0.09708563274469317,69092
4,align_recenter,14.410072699177764,0.3309216619734143,69092
5,dummy,20.76525821596244,-0.09708563274469317,69092
6,align_recenter_rescale,12.082245484394198,0.4762954517185767,69092
7,dummy,20.76525821596244,-0.09708563274469317,69092
8,align_procrustes,17.513248044210126,-0.05584180379232295,69092
9,dummy,20.76525821596244,-0.09708563274469317,69092
0,no_alignment,16.835715625162074,0.06829530142019757,3890
1,dummy,20.422535211267604,-0.06517966999552938,3890
2,align_z_score,13.740110020759488,0.36624926984154016,3890
3,dummy,20.422535211267604,-0.06517966999552938,3890
4,align_recenter,15.328454859477208,0.27828548912929474,3890
5,dummy,20.422535211267604,-0.06517966999552938,3890
6,align_recenter_rescale,12.598007855321994,0.44712708302390347,3890
7,dummy,20.422535211267604,-0.06517966999552938,3890
8,align_procrustes,18.024064633189052,0.02545850801970362,3890
9,dummy,20.422535211267604,-0.06517966999552938,3890
0,no_alignment,15.434412819115298,0.20166494609926822,41606
1,dummy,20.422535211267604,-0.0677155038235604,41606
2,align_z_score,13.968680675637154,0.3718469727347853,41606
3,dummy,20.422535211267604,-0.0677155038235604,41606
4,align_recenter,14.022073449234837,0.3618484963940236,41606
5,dummy,20.422535211267604,-0.0677155038235604,41606
6,align_recenter_rescale,12.147219851261243,0.475729524067678,41606
7,dummy,20.422535211267604,-0.0677155038235604,41606
8,align_procrustes,17.83355405461307,-0.08003815624920474,41606
9,dummy,20.422535211267604,-0.0677155038235604,41606
0,no_alignment,14.996081536621679,0.27711036513495846,96276
1,dummy,20.422535211267604,-0.07327929944847233,96276
2,align_z_score,15.721601119647191,0.22392237053049668,96276
3,dummy,20.422535211267604,-0.07327929944847233,96276
4,align_recenter,14.885030593156072,0.294468463739048,96276
5,dummy,20.422535211267604,-0.07327929944847233,96276
6,align_recenter_rescale,13.598687394820335,0.418621275594118,96276
7,dummy,20.422535211267604,-0.07327929944847233,96276
8,align_procrustes,19.490971876949743,-0.2379280186029229,96276
9,dummy,20.422535211267604,-0.07327929944847233,96276
0,no_alignment,16.33680305088506,0.11239488071704018,80038
1,dummy,20.079812206572768,-0.050243154562746195,80038
2,align_z_score,14.386282203111529,0.37748967800741984,80038
3,dummy,20.079812206572768,-0.050243154562746195,80038
4,align_recenter,14.572769206765981,0.3291843134309814,80038
5,dummy,20.079812206572768,-0.050243154562746195,80038
6,align_recenter_rescale,11.715242980517692,0.5388415043655621,80038
7,dummy,20.079812206572768,-0.050243154562746195,80038
8,align_procrustes,19.400212453840762,-0.1811652495797802,80038
9,dummy,20.079812206572768,-0.050243154562746195,80038
0,no_alignment,13.642681741703027,0.3927058909324942,87313
1,dummy,20.422535211267604,-0.062175657820764174,87313
2,align_z_score,12.523211829436804,0.3930439600668322,87313
3,dummy,20.422535211267604,-0.062175657820764174,87313
4,align_recenter,13.510735543228842,0.4129673227983365,87313
5,dummy,20.422535211267604,-0.062175657820764174,87313
6,align_recenter_rescale,11.522292288004978,0.5377476477339989,87313
7,dummy,20.422535211267604,-0.062175657820764174,87313
8,align_procrustes,17.49569723390559,0.017373366239325172,87313
9,dummy,20.422535211267604,-0.062175657820764174,87313
0,no_alignment,15.438083481832003,0.20950263504883293,10627
1,dummy,20.079812206572768,-0.06349803322437886,10627
2,align_z_score,14.036857339899575,0.32134705082075277,10627
3,dummy,20.079812206572768,-0.06349803322437886,10627
4,align_recenter,15.209456502662528,0.2934276903153409,10627
5,dummy,20.079812206572768,-0.06349803322437886,10627
6,align_recenter_rescale,11.865510380062632,0.5082868394223986,10627
7,dummy,20.079812206572768,-0.06349803322437886,10627
8,align_procrustes,17.346019316200493,0.02990990998523968,10627
9,dummy,20.079812206572768,-0.06349803322437886,10627
0,no_alignment,12.25376116004561,0.4851093917052116,8792
1,dummy,20.76525821596244,-0.08929635856750706,8792
2,align_z_score,13.740905756407303,0.3924557632760416,8792
3,dummy,20.76525821596244,-0.08929635856750706,8792
4,align_recenter,13.827799648595429,0.40084134901116153,8792
5,dummy,20.76525821596244,-0.08929635856750706,8792
6,align_recenter_rescale,12.306379756573733,0.46814549286799134,8792
7,dummy,20.76525821596244,-0.08929635856750706,8792
8,align_procrustes,17.193720549864256,0.05709381844494177,8792
9,dummy,20.76525821596244,-0.08929635856750706,8792
0,no_alignment,15.096793711336474,0.2759122059918885,73969
1,dummy,20.422535211267604,-0.06598294182553888,73969
2,align_z_score,14.488418081952021,0.3247723553143388,73969
3,dummy,20.422535211267604,-0.06598294182553888,73969
4,align_recenter,15.27873655100975,0.2887221521545026,73969
5,dummy,20.422535211267604,-0.06598294182553888,73969
6,align_recenter_rescale,13.67267017652897,0.4005999542237547,73969
7,dummy,20.422535211267604,-0.06598294182553888,73969
8,align_procrustes,17.813038123823944,-0.038400284198985,73969
9,dummy,20.422535211267604,-0.06598294182553888,73969
0,no_alignment,14.440432061089208,0.3227827572366748,43001
1,dummy,20.422535211267604,-0.0800479929583977,43001
2,align_z_score,13.231836013873792,0.4203298787806463,43001
3,dummy,20.422535211267604,-0.0800479929583977,43001
4,align_recenter,14.755702108657367,0.2960982075499271,43001
5,dummy,20.422535211267604,-0.0800479929583977,43001
6,align_recenter_rescale,12.615804337417174,0.4589783163522002,43001
7,dummy,20.422535211267604,-0.0800479929583977,43001
8,align_procrustes,18.75644789801152,-0.10283737488136202,43001
9,dummy,20.422535211267604,-0.0800479929583977,43001
0,no_alignment,14.617838923476684,0.271383843911126,76552
1,dummy,20.079812206572768,-0.04886256386571186,76552
2,align_z_score,17.865064197477995,-0.03157070161486919,76552
3,dummy,20.079812206572768,-0.04886256386571186,76552
4,align_recenter,14.984355146833726,0.28802149374333674,76552
5,dummy,20.079812206572768,-0.04886256386571186,76552
6,align_recenter_rescale,11.75187723088749,0.5086295945346916,76552
7,dummy,20.079812206572768,-0.04886256386571186,76552
8,align_procrustes,17.584465440281093,-0.09271609871435671,76552
9,dummy,20.079812206572768,-0.04886256386571186,76552
0,no_alignment,16.087939437945728,0.17732829427552943,23897
1,dummy,20.422535211267604,-0.053374503524166395,23897
2,align_z_score,14.609275543790954,0.34485849097196575,23897
3,dummy,20.422535211267604,-0.053374503524166395,23897
4,align_recenter,14.720933336001247,0.3110690237641167,23897
5,dummy,20.422535211267604,-0.053374503524166395,23897
6,align_recenter_rescale,13.10621012587019,0.43297363081916496,23897
7,dummy,20.422535211267604,-0.053374503524166395,23897
8,align_procrustes,18.54559144775656,-0.059775347344365626,23897
9,dummy,20.422535211267604,-0.053374503524166395,23897
0,no_alignment,14.376957114277301,0.32815244712254754,68148
1,dummy,20.422535211267604,-0.05604219982596659,68148
2,align_z_score,14.283186363804413,0.3731261069095979,68148
3,dummy,20.422535211267604,-0.05604219982596659,68148
4,align_recenter,14.821004722259213,0.29740801330301425,68148
5,dummy,20.422535211267604,-0.05604219982596659,68148
6,align_recenter_rescale,12.941476235328686,0.4268216815846839,68148
7,dummy,20.422535211267604,-0.05604219982596659,68148
8,align_procrustes,17.47444976231777,0.05590804218958312,68148
9,dummy,20.422535211267604,-0.05604219982596659,68148
0,no_alignment,12.552877153220424,0.4586097809814653,23483
1,dummy,20.079812206572768,-0.055604272662459486,23483
2,align_z_score,13.095804376703251,0.34644267145297847,23483
3,dummy,20.079812206572768,-0.055604272662459486,23483
4,align_recenter,14.590806388496548,0.30657628008374815,23483
5,dummy,20.079812206572768,-0.055604272662459486,23483
6,align_recenter_rescale,12.546145805859561,0.47143211897060244,23483
7,dummy,20.079812206572768,-0.055604272662459486,23483
8,align_procrustes,17.83798685598789,0.033223088487511876,23483
9,dummy,20.079812206572768,-0.055604272662459486,23483
0,no_alignment,14.79922170137533,0.26606428478139044,48555
1,dummy,20.079812206572768,-0.04939981556883177,48555
2,align_z_score,13.441655208126237,0.39536459100428656,48555
3,dummy,20.079812206572768,-0.04939981556883177,48555
4,align_recenter,14.410921603363974,0.3360568534446964,48555
5,dummy,20.079812206572768,-0.04939981556883177,48555
6,align_recenter_rescale,11.484602455126502,0.5222823433199084,48555
7,dummy,20.079812206572768,-0.04939981556883177,48555
8,align_procrustes,17.309886301633135,0.06274617448807263,48555
9,dummy,20.079812206572768,-0.04939981556883177,48555
0,no_alignment,16.59688622486243,0.027249901205816274,17159
1,dummy,20.422535211267604,-0.08175120343124553,17159
2,align_z_score,13.168547216316503,0.4208136914218137,17159
3,dummy,20.422535211267604,-0.08175120343124553,17159
4,align_recenter,14.893775091129594,0.30770113893483575,17159
5,dummy,20.422535211267604,-0.08175120343124553,17159
6,align_recenter_rescale,12.894145801125203,0.4199537175259961,17159
7,dummy,20.422535211267604,-0.08175120343124553,17159
8,align_procrustes,18.380198393465108,-0.0205138058236074,17159
9,dummy,20.422535211267604,-0.08175120343124553,17159
0,no_alignment,15.102544483251405,0.23227284550895932,80077
1,dummy,20.422535211267604,-0.06330058343273337,80077
2,align_z_score,12.496220097847612,0.4487302769567336,80077
3,dummy,20.422535211267604,-0.06330058343273337,80077
4,align_recenter,14.524367909258155,0.30848733677039475,80077
5,dummy,20.422535211267604,-0.06330058343273337,80077
6,align_recenter_rescale,11.84756507263482,0.5139578633631907,80077
7,dummy,20.422535211267604,-0.06330058343273337,80077
8,align_procrustes,19.046249845473305,-0.16815375904200347,80077
9,dummy,20.422535211267604,-0.06330058343273337,80077
0,no_alignment,13.180000804629104,0.3851075181715088,35920
1,dummy,20.422535211267604,-0.07409205706541733,35920
2,align_z_score,13.865525000990175,0.36289107494343475,35920
3,dummy,20.422535211267604,-0.07409205706541733,35920
4,align_recenter,14.301080171983937,0.3411775819539934,35920
5,dummy,20.422535211267604,-0.07409205706541733,35920
6,align_recenter_rescale,12.53861197559957,0.45971898082296825,35920
7,dummy,20.422535211267604,-0.07409205706541733,35920
8,align_procrustes,18.03447981590831,-0.0328747198053736,35920
9,dummy,20.422535211267604,-0.07409205706541733,35920
0,no_alignment,15.730995343285487,0.202468960898749,92067
1,dummy,20.079812206572768,-0.059138449435937046,92067
2,align_z_score,16.127964055879985,0.17357426045072166,92067
3,dummy,20.079812206572768,-0.059138449435937046,92067
4,align_recenter,13.852430317694422,0.38866703477018594,92067
5,dummy,20.079812206572768,-0.059138449435937046,92067
6,align_recenter_rescale,11.45607230508819,0.5249087489686798,92067
7,dummy,20.079812206572768,-0.059138449435937046,92067
8,align_procrustes,18.186641552256113,-0.006125019329515924,92067
9,dummy,20.079812206572768,-0.059138449435937046,92067
0,no_alignment,12.614941007880745,0.48728082283879215,67121
1,dummy,20.76525821596244,-0.08931766273863073,67121
2,align_z_score,13.461915733573724,0.42234158873337824,67121
3,dummy,20.76525821596244,-0.08931766273863073,67121
4,align_recenter,13.458966288299367,0.38328393179948583,67121
5,dummy,20.76525821596244,-0.08931766273863073,67121
6,align_recenter_rescale,12.169998254709965,0.4831159298536166,67121
7,dummy,20.76525821596244,-0.08931766273863073,67121
8,align_procrustes,17.07949989805185,0.02431327016273266,67121
9,dummy,20.76525821596244,-0.08931766273863073,67121
0,no_alignment,14.57631103041707,0.27406849683167367,69479
1,dummy,20.76525821596244,-0.09243366459839897,69479
2,align_z_score,13.549379848349542,0.403628697731765,69479
3,dummy,20.76525821596244,-0.09243366459839897,69479
4,align_recenter,13.706650654934142,0.385817572709964,69479
5,dummy,20.76525821596244,-0.09243366459839897,69479
6,align_recenter_rescale,11.13570240551952,0.5502084594603356,69479
7,dummy,20.76525821596244,-0.09243366459839897,69479
8,align_procrustes,18.137982756786986,-0.058703699674508725,69479
9,dummy,20.76525821596244,-0.09243366459839897,69479
0,no_alignment,15.107405853481362,0.2756572761813909,89475
1,dummy,20.079812206572768,-0.0640561368627528,89475
2,align_z_score,14.191445162947804,0.34690431300838864,89475
3,dummy,20.079812206572768,-0.0640561368627528,89475
4,align_recenter,15.573590076946903,0.25845774459306237,89475
5,dummy,20.079812206572768,-0.0640561368627528,89475
6,align_recenter_rescale,12.80181279682005,0.39459896132854355,89475
7,dummy,20.079812206572768,-0.0640561368627528,89475
8,align_procrustes,18.12835177975668,0.027105168637062027,89475
9,dummy,20.079812206572768,-0.0640561368627528,89475
0,no_alignment,13.637554048078965,0.38812245400536827,19457
1,dummy,20.422535211267604,-0.07500688615403805,19457
2,align_z_score,14.402051062049614,0.3378865440643237,19457
3,dummy,20.422535211267604,-0.07500688615403805,19457
4,align_recenter,14.59417953762371,0.32697904916800435,19457
5,dummy,20.422535211267604,-0.07500688615403805,19457
6,align_recenter_rescale,13.071130498536585,0.40622238183285964,19457
7,dummy,20.422535211267604,-0.07500688615403805,19457
8,align_procrustes,17.483340911357853,0.07305006073282816,19457
9,dummy,20.422535211267604,-0.07500688615403805,19457
0,no_alignment,15.118233867392505,0.21870640557359333,66557
1,dummy,20.422535211267604,-0.08407071023482993,66557
2,align_z_score,14.45602952232443,0.3216236167152967,66557
3,dummy,20.422535211267604,-0.08407071023482993,66557
4,align_recenter,14.372968876111976,0.30697110084689216,66557
5,dummy,20.422535211267604,-0.08407071023482993,66557
6,align_recenter_rescale,12.695373035772377,0.44488302993313245,66557
7,dummy,20.422535211267604,-0.08407071023482993,66557
8,align_procrustes,17.468606327252658,-0.016433741164831428,66557
9,dummy,20.422535211267604,-0.08407071023482993,66557
0,no_alignment,13.584143612971536,0.37185109136803307,77189
1,dummy,20.422535211267604,-0.06875834084105992,77189
2,align_z_score,12.88922536772012,0.45921243356893393,77189
3,dummy,20.422535211267604,-0.06875834084105992,77189
4,align_recenter,13.45216051759754,0.41211754299034176,77189
5,dummy,20.422535211267604,-0.06875834084105992,77189
6,align_recenter_rescale,10.69068058942596,0.5887087121727581,77189
7,dummy,20.422535211267604,-0.06875834084105992,77189
8,align_procrustes,17.15888248920368,0.04016107439022254,77189
9,dummy,20.422535211267604,-0.06875834084105992,77189
0,no_alignment,15.44534563525394,0.1769504185576093,78953
1,dummy,20.422535211267604,-0.07166723146747955,78953
2,align_z_score,13.155781520274074,0.4003664020408305,78953
3,dummy,20.422535211267604,-0.07166723146747955,78953
4,align_recenter,14.640245540138643,0.3326908185052275,78953
5,dummy,20.422535211267604,-0.07166723146747955,78953
6,align_recenter_rescale,11.922158639081061,0.48990194316574576,78953
7,dummy,20.422535211267604,-0.07166723146747955,78953
8,align_procrustes,17.640235098354935,-0.010652824535094307,78953
9,dummy,20.422535211267604,-0.07166723146747955,78953
0,no_alignment,14.892466605186556,0.30468978942798053,52995
1,dummy,20.079812206572768,-0.06554418370188553,52995
2,align_z_score,14.879050171984735,0.30267055459109515,52995
3,dummy,20.079812206572768,-0.06554418370188553,52995
4,align_recenter,16.395169428257187,0.16497581917315407,52995
5,dummy,20.079812206572768,-0.06554418370188553,52995
6,align_recenter_rescale,13.40515247256292,0.41014964310024926,52995
7,dummy,20.079812206572768,-0.06554418370188553,52995
8,align_procrustes,18.100639557879873,-0.1173559792998744,52995
9,dummy,20.079812206572768,-0.06554418370188553,52995
0,no_alignment,14.833087038162114,0.29561543534425605,40757
1,dummy,20.422535211267604,-0.08369905867458383,40757
2,align_z_score,12.94294972523196,0.4068484428220418,40757
3,dummy,20.422535211267604,-0.08369905867458383,40757
4,align_recenter,15.807605916218153,0.1985079041045137,40757
5,dummy,20.422535211267604,-0.08369905867458383,40757
6,align_recenter_rescale,12.954660290248887,0.4406332333231243,40757
7,dummy,20.422535211267604,-0.08369905867458383,40757
8,align_procrustes,17.3086642046056,0.07969654595907694,40757
9,dummy,20.422535211267604,-0.08369905867458383,40757
0,no_alignment,14.547441064136297,0.312788870385455,9692
1,dummy,20.422535211267604,-0.0823229246267565,9692
2,align_z_score,13.136774811223725,0.41134995532985374,9692
3,dummy,20.422535211267604,-0.0823229246267565,9692
4,align_recenter,13.741714983191011,0.38754406177104184,9692
5,dummy,20.422535211267604,-0.0823229246267565,9692
6,align_recenter_rescale,12.088180991878552,0.4866470445346228,9692
7,dummy,20.422535211267604,-0.0823229246267565,9692
8,align_procrustes,16.8696088026972,0.07847163306287319,9692
9,dummy,20.422535211267604,-0.0823229246267565,9692
0,no_alignment,15.501954677964756,0.1874159591030241,45758
1,dummy,20.422535211267604,-0.08110024719018893,45758
2,align_z_score,14.333829056369561,0.3409125216174177,45758
3,dummy,20.422535211267604,-0.08110024719018893,45758
4,align_recenter,15.116406035597212,0.2940364265331036,45758
5,dummy,20.422535211267604,-0.08110024719018893,45758
6,align_recenter_rescale,12.50067912836223,0.4733993760074675,45758
7,dummy,20.422535211267604,-0.08110024719018893,45758
8,align_procrustes,18.468228596467107,-0.05105563966175741,45758
9,dummy,20.422535211267604,-0.08110024719018893,45758
0,no_alignment,14.475549162230871,0.3078678573931446,72409
1,dummy,20.079812206572768,-0.05894790368550851,72409
2,align_z_score,14.489672937838067,0.3550998228323369,72409
3,dummy,20.079812206572768,-0.05894790368550851,72409
4,align_recenter,14.218347578165819,0.34747686576819403,72409
5,dummy,20.079812206572768,-0.05894790368550851,72409
6,align_recenter_rescale,12.638180899010186,0.46043358445751936,72409
7,dummy,20.079812206572768,-0.05894790368550851,72409
8,align_procrustes,17.66269366721869,0.08447739698813506,72409
9,dummy,20.079812206572768,-0.05894790368550851,72409
0,no_alignment,14.582586638527697,0.2996448177851534,71211
1,dummy,20.079812206572768,-0.05741752302733505,71211
2,align_z_score,15.841889208381895,0.2342059533754257,71211
3,dummy,20.079812206572768,-0.05741752302733505,71211
4,align_recenter,14.16903713346839,0.36146748342266677,71211
5,dummy,20.079812206572768,-0.05741752302733505,71211
6,align_recenter_rescale,12.105130560521753,0.4767698449639509,71211
7,dummy,20.079812206572768,-0.05741752302733505,71211
8,align_procrustes,18.76755680187458,-0.04554917885844367,71211
9,dummy,20.079812206572768,-0.05741752302733505,71211
0,no_alignment,13.929657179348128,0.34561837083676095,65697
1,dummy,20.422535211267604,-0.06344415278856563,65697
2,align_z_score,13.210083161545514,0.403006106594722,65697
3,dummy,20.422535211267604,-0.06344415278856563,65697
4,align_recenter,15.064170902649737,0.283596944256452,65697
5,dummy,20.422535211267604,-0.06344415278856563,65697
6,align_recenter_rescale,12.472857023644517,0.472022765624154,65697
7,dummy,20.422535211267604,-0.06344415278856563,65697
8,align_procrustes,17.634106828011937,0.07382832586916588,65697
9,dummy,20.422535211267604,-0.06344415278856563,65697
0,no_alignment,13.245525640738514,0.40631734067014913,37065
1,dummy,20.079812206572768,-0.06825454959962762,37065
2,align_z_score,15.240693690628083,0.2771987196327681,37065
3,dummy,20.079812206572768,-0.06825454959962762,37065
4,align_recenter,13.727703914540632,0.34851987553955943,37065
5,dummy,20.079812206572768,-0.06825454959962762,37065
6,align_recenter_rescale,13.01684755707605,0.43072247715730416,37065
7,dummy,20.079812206572768,-0.06825454959962762,37065
8,align_procrustes,18.21745497521838,-0.005448929936029856,37065
9,dummy,20.079812206572768,-0.06825454959962762,37065
0,no_alignment,15.085330138137852,0.2424387011098872,92093
1,dummy,20.422535211267604,-0.07273995126919375,92093
2,align_z_score,14.288189565328931,0.37419164287674656,92093
3,dummy,20.422535211267604,-0.07273995126919375,92093
4,align_recenter,14.938079053330567,0.2980257249526853,92093
5,dummy,20.422535211267604,-0.07273995126919375,92093
6,align_recenter_rescale,11.967130409201898,0.5096027056831309,92093
7,dummy,20.422535211267604,-0.07273995126919375,92093
8,align_procrustes,17.570148232111492,0.04913370777834336,92093
9,dummy,20.422535211267604,-0.07273995126919375,92093
0,no_alignment,13.29993287475317,0.38868720728634865,99299
1,dummy,20.079812206572768,-0.06129003819097645,99299
2,align_z_score,12.703725720330818,0.4295707532933317,99299
3,dummy,20.079812206572768,-0.06129003819097645,99299
4,align_recenter,14.176809306944634,0.314597263089905,99299
5,dummy,20.079812206572768,-0.06129003819097645,99299
6,align_recenter_rescale,11.95931961176266,0.46577886660617895,99299
7,dummy,20.079812206572768,-0.06129003819097645,99299
8,align_procrustes,17.441671085054384,0.03477048683004369,99299
9,dummy,20.079812206572768,-0.06129003819097645,99299
0,no_alignment,14.692822804354744,0.29669918218058133,32606
1,dummy,20.079812206572768,-0.06023568011039315,32606
2,align_z_score,14.284063937058967,0.3799765239556181,32606
3,dummy,20.079812206572768,-0.06023568011039315,32606
4,align_recenter,14.617810944676759,0.34115525761570564,32606
5,dummy,20.079812206572768,-0.06023568011039315,32606
6,align_recenter_rescale,13.174209236702154,0.39517941715933913,32606
7,dummy,20.079812206572768,-0.06023568011039315,32606
8,align_procrustes,17.468898996210935,-0.031039766132094915,32606
9,dummy,20.079812206572768,-0.06023568011039315,32606
0,no_alignment,15.120312538113446,0.2361328369725294,11534
1,dummy,20.422535211267604,-0.06104320308641542,11534
2,align_z_score,17.495281293949603,0.0799906143673711,11534
3,dummy,20.422535211267604,-0.06104320308641542,11534
4,align_recenter,15.553328952442898,0.2315729673817064,11534
5,dummy,20.422535211267604,-0.06104320308641542,11534
6,align_recenter_rescale,12.989912122220769,0.41762045851682383,11534
7,dummy,20.422535211267604,-0.06104320308641542,11534
8,align_procrustes,18.2680823556835,-0.06956431378963335,11534
9,dummy,20.422535211267604,-0.06104320308641542,11534
0,no_alignment,15.22258351728002,0.28741105910505305,94663
1,dummy,20.422535211267604,-0.059729352933777013,94663
2,align_z_score,14.136112016927484,0.3850158295751649,94663
3,dummy,20.422535211267604,-0.059729352933777013,94663
4,align_recenter,14.552873860156101,0.3240731410729193,94663
5,dummy,20.422535211267604,-0.059729352933777013,94663
6,align_recenter_rescale,11.734044016757517,0.5427699801337171,94663
7,dummy,20.422535211267604,-0.059729352933777013,94663
8,align_procrustes,18.968548888954526,-0.19632067012473509,94663
9,dummy,20.422535211267604,-0.059729352933777013,94663
0,no_alignment,13.09315051309132,0.4329075858182647,40397
1,dummy,20.079812206572768,-0.0552685744980248,40397
2,align_z_score,12.776553372980162,0.42222428181555516,40397
3,dummy,20.079812206572768,-0.0552685744980248,40397
4,align_recenter,14.120574362090878,0.3333803447824176,40397
5,dummy,20.079812206572768,-0.0552685744980248,40397
6,align_recenter_rescale,12.50236717944417,0.4622522354657219,40397
7,dummy,20.079812206572768,-0.0552685744980248,40397
8,align_procrustes,16.675227910729046,0.12093332230489062,40397
9,dummy,20.079812206572768,-0.0552685744980248,40397
0,no_alignment,15.167607876507317,0.26917014801859107,91387
1,dummy,20.079812206572768,-0.048941387242763534,91387
2,align_z_score,14.790425809600832,0.3256783843247073,91387
3,dummy,20.079812206572768,-0.048941387242763534,91387
4,align_recenter,14.899762901988634,0.3010229968778869,91387
5,dummy,20.079812206572768,-0.048941387242763534,91387
6,align_recenter_rescale,11.839956942770861,0.4950127475960615,91387
7,dummy,20.079812206572768,-0.048941387242763534,91387
8,align_procrustes,18.070245045777543,-0.02105474127433027,91387
9,dummy,20.079812206572768,-0.048941387242763534,91387
0,no_alignment,12.884038522427144,0.38283877824729007,1016
1,dummy,20.079812206572768,-0.056668365463705905,1016
2,align_z_score,13.53179948808744,0.4023389589582431,1016
3,dummy,20.079812206572768,-0.056668365463705905,1016
4,align_recenter,14.58650558751936,0.3388902151161265,1016
5,dummy,20.079812206572768,-0.056668365463705905,1016
6,align_recenter_rescale,12.732665913637813,0.4482437634814028,1016
7,dummy,20.079812206572768,-0.056668365463705905,1016
8,align_procrustes,18.23259178158653,-0.05080034128805799,1016
9,dummy,20.079812206572768,-0.056668365463705905,1016
0,no_alignment,12.961510364991167,0.41955022830359434,89789
1,dummy,20.422535211267604,-0.06233574400371866,89789
2,align_z_score,14.590771254044993,0.3243324589162315,89789
3,dummy,20.422535211267604,-0.06233574400371866,89789
4,align_recenter,15.127239029993671,0.2607615760241516,89789
5,dummy,20.422535211267604,-0.06233574400371866,89789
6,align_recenter_rescale,12.230824102408693,0.48093549869745367,89789
7,dummy,20.422535211267604,-0.06233574400371866,89789
8,align_procrustes,18.63619498323236,-0.12020392547752645,89789
9,dummy,20.422535211267604,-0.06233574400371866,89789
0,no_alignment,14.130117013405984,0.33715251659387824,55591
1,dummy,20.422535211267604,-0.06812423944086898,55591
2,align_z_score,16.733077877594532,0.14227481195013703,55591
3,dummy,20.422535211267604,-0.06812423944086898,55591
4,align_recenter,14.77856551312224,0.33388633343271434,55591
5,dummy,20.422535211267604,-0.06812423944086898,55591
6,align_recenter_rescale,11.790421997834532,0.5132501713940805,55591
7,dummy,20.422535211267604,-0.06812423944086898,55591
8,align_procrustes,18.309040575793492,-0.06433499938617504,55591
9,dummy,20.422535211267604,-0.06812423944086898,55591
0,no_alignment,13.64898799284421,0.3813514157320679,89812
1,dummy,20.422535211267604,-0.08730511228388882,89812
2,align_z_score,15.412628812549226,0.2532987358671175,89812
3,dummy,20.422535211267604,-0.08730511228388882,89812
4,align_recenter,15.21711165388491,0.2763200883905983,89812
5,dummy,20.422535211267604,-0.08730511228388882,89812
6,align_recenter_rescale,13.50367867259494,0.3953648766469743,89812
7,dummy,20.422535211267604,-0.08730511228388882,89812
8,align_procrustes,17.28946754999923,0.03389039692471618,89812
9,dummy,20.422535211267604,-0.08730511228388882,89812
0,no_alignment,14.780782495426838,0.28179649087610636,23247
1,dummy,20.422535211267604,-0.07728878531836192,23247
2,align_z_score,13.372053410343078,0.3838311082699748,23247
3,dummy,20.422535211267604,-0.07728878531836192,23247
4,align_recenter,15.194187162139123,0.26109662850443327,23247
5,dummy,20.422535211267604,-0.07728878531836192,23247
6,align_recenter_rescale,12.283213510286743,0.4552148512830261,23247
7,dummy,20.422535211267604,-0.07728878531836192,23247
8,align_procrustes,18.03892121783969,-0.010285333140717556,23247
9,dummy,20.422535211267604,-0.07728878531836192,23247
0,no_alignment,13.310982964309868,0.39791685780609765,24300
1,dummy,20.422535211267604,-0.0804721146699976,24300
2,align_z_score,12.56433593567172,0.4348699504180483,24300
3,dummy,20.422535211267604,-0.0804721146699976,24300
4,align_recenter,14.177984315265823,0.36272801978890234,24300
5,dummy,20.422535211267604,-0.0804721146699976,24300
6,align_recenter_rescale,12.013403336040275,0.4825347868022126,24300
7,dummy,20.422535211267604,-0.0804721146699976,24300
8,align_procrustes,17.757809327257544,7.538720855282399e-05,24300
9,dummy,20.422535211267604,-0.0804721146699976,24300
0,no_alignment,14.435984262394115,0.30867573461578257,74065
1,dummy,20.422535211267604,-0.0817104424345867,74065
2,align_z_score,14.179341058646969,0.36830330849743775,74065
3,dummy,20.422535211267604,-0.0817104424345867,74065
4,align_recenter,14.373921117903267,0.34439800368665363,74065
5,dummy,20.422535211267604,-0.0817104424345867,74065
6,align_recenter_rescale,13.196341221160194,0.41202927969147196,74065
7,dummy,20.422535211267604,-0.0817104424345867,74065
8,align_procrustes,17.4996246943077,0.014426798556769094,74065
9,dummy,20.422535211267604,-0.0817104424345867,74065
0,no_alignment,15.591610288834866,0.1753426418692744,82798
1,dummy,20.422535211267604,-0.05908645192045592,82798
2,align_z_score,13.575807353962688,0.38879724597127785,82798
3,dummy,20.422535211267604,-0.05908645192045592,82798
4,align_recenter,15.371351064206998,0.27627794409749284,82798
5,dummy,20.422535211267604,-0.05908645192045592,82798
6,align_recenter_rescale,12.278278223621589,0.49211480443363376,82798
7,dummy,20.422535211267604,-0.05908645192045592,82798
8,align_procrustes,15.718343977108637,0.1460214528830579,82798
9,dummy,20.422535211267604,-0.05908645192045592,82798
0,no_alignment,15.875188842815497,0.16870778982268309,9268
1,dummy,20.422535211267604,-0.07067826978579173,9268
2,align_z_score,15.7297721354726,0.21624867111008705,9268
3,dummy,20.422535211267604,-0.07067826978579173,9268
4,align_recenter,13.649017938866889,0.346949804661972,9268
5,dummy,20.422535211267604,-0.07067826978579173,9268
6,align_recenter_rescale,11.742633125402353,0.5296412458223846,9268
7,dummy,20.422535211267604,-0.07067826978579173,9268
8,align_procrustes,18.771388746369915,-0.03716819854862807,9268
9,dummy,20.422535211267604,-0.07067826978579173,9268
0,no_alignment,13.528823651748493,0.38805126328091255,86807
1,dummy,20.079812206572768,-0.06292448762433533,86807
2,align_z_score,13.472668777905035,0.4097877794879291,86807
3,dummy,20.079812206572768,-0.06292448762433533,86807
4,align_recenter,14.840003305158184,0.31631460652023846,86807
5,dummy,20.079812206572768,-0.06292448762433533,86807
6,align_recenter_rescale,13.209727368642344,0.37832553885753906,86807
7,dummy,20.079812206572768,-0.06292448762433533,86807
8,align_procrustes,18.457365713746835,-0.10163753710400147,86807
9,dummy,20.079812206572768,-0.06292448762433533,86807
0,no_alignment,16.171154601893686,0.1288815049762383,12185
1,dummy,20.422535211267604,-0.06834770451604744,12185
2,align_z_score,15.43746148859881,0.24784447212273752,12185
3,dummy,20.422535211267604,-0.06834770451604744,12185
4,align_recenter,14.665481739032447,0.3230422991462578,12185
5,dummy,20.422535211267604,-0.06834770451604744,12185
6,align_recenter_rescale,12.71253882896031,0.4410044569035865,12185
7,dummy,20.422535211267604,-0.06834770451604744,12185
8,align_procrustes,18.121922804014353,-0.02539378494624356,12185
9,dummy,20.422535211267604,-0.06834770451604744,12185
0,no_alignment,16.693986303374086,0.05661477329353659,63704
1,dummy,20.422535211267604,-0.06883313412582237,63704
2,align_z_score,15.101560298026861,0.2614895435788346,63704
3,dummy,20.422535211267604,-0.06883313412582237,63704
4,align_recenter,14.412096792929704,0.2993614957010864,63704
5,dummy,20.422535211267604,-0.06883313412582237,63704
6,align_recenter_rescale,11.84815576564803,0.4947464545380531,63704
7,dummy,20.422535211267604,-0.06883313412582237,63704
8,align_procrustes,17.87891955177595,-0.04817303580731025,63704
9,dummy,20.422535211267604,-0.06883313412582237,63704
0,no_alignment,14.39596426174723,0.3200790390757874,86779
1,dummy,20.422535211267604,-0.08525303834323261,86779
2,align_z_score,14.217307201482143,0.33104530605616866,86779
3,dummy,20.422535211267604,-0.08525303834323261,86779
4,align_recenter,15.26384858287008,0.26162162078668794,86779
5,dummy,20.422535211267604,-0.08525303834323261,86779
6,align_recenter_rescale,13.077861438418307,0.42482340480344893,86779
7,dummy,20.422535211267604,-0.08525303834323261,86779
8,align_procrustes,17.362139740829495,0.0417891996830585,86779
9,dummy,20.422535211267604,-0.08525303834323261,86779
0,no_alignment,17.931154450615175,-0.03609897131254369,39099
1,dummy,20.76525821596244,-0.08594131755402601,39099
2,align_z_score,14.056279744536724,0.37162258316137575,39099
3,dummy,20.76525821596244,-0.08594131755402601,39099
4,align_recenter,15.539335036328406,0.2605389842937651,39099
5,dummy,20.76525821596244,-0.08594131755402601,39099
6,align_recenter_rescale,13.31926984932618,0.37737369479929916,39099
7,dummy,20.76525821596244,-0.08594131755402601,39099
8,align_procrustes,17.98566315446358,-0.03430314624371733,39099
9,dummy,20.76525821596244,-0.08594131755402601,39099
0,no_alignment,13.718088430528388,0.3802029283780901,8571
1,dummy,20.079812206572768,-0.059364036272542275,8571
2,align_z_score,12.760706023928504,0.4314587478078148,8571
3,dummy,20.079812206572768,-0.059364036272542275,8571
4,align_recenter,15.21036555858683,0.28514659569257284,8571
5,dummy,20.079812206572768,-0.059364036272542275,8571
6,align_recenter_rescale,12.380692454609987,0.45880627262029183,8571
7,dummy,20.079812206572768,-0.059364036272542275,8571
8,align_procrustes,17.488111462160937,0.002118033215941617,8571
9,dummy,20.079812206572768,-0.059364036272542275,8571
0,no_alignment,15.105522568259639,0.24874062249282913,38044
1,dummy,20.422535211267604,-0.08299929646281945,38044
2,align_z_score,14.201259897223478,0.3643273393320736,38044
3,dummy,20.422535211267604,-0.08299929646281945,38044
4,align_recenter,15.046595471719835,0.29061469783194604,38044
5,dummy,20.422535211267604,-0.08299929646281945,38044
6,align_recenter_rescale,12.890299508834197,0.432137519609463,38044
7,dummy,20.422535211267604,-0.08299929646281945,38044
8,align_procrustes,18.22711675051651,0.033774228756080604,38044
9,dummy,20.422535211267604,-0.08299929646281945,38044
0,no_alignment,15.393076037097735,0.21955077323717942,51214
1,dummy,20.76525821596244,-0.07774529271567032,51214
2,align_z_score,13.941728418648115,0.38342606185571493,51214
3,dummy,20.76525821596244,-0.07774529271567032,51214
4,align_recenter,14.74114696347572,0.3199792698640155,51214
5,dummy,20.76525821596244,-0.07774529271567032,51214
6,align_recenter_rescale,13.134412459993161,0.4036905590376777,51214
7,dummy,20.76525821596244,-0.07774529271567032,51214
8,align_procrustes,17.848313955291925,0.0049754472072219835,51214
9,dummy,20.76525821596244,-0.07774529271567032,51214
0,no_alignment,14.789291615800074,0.2589166621839335,61228
1,dummy,20.76525821596244,-0.08287611394005423,61228
2,align_z_score,14.928025939869075,0.31089365344090936,61228
3,dummy,20.76525821596244,-0.08287611394005423,61228
4,align_recenter,15.172277172737406,0.28090876785976127,61228
5,dummy,20.76525821596244,-0.08287611394005423,61228
6,align_recenter_rescale,12.553438108990262,0.44749676622093515,61228
7,dummy,20.76525821596244,-0.08287611394005423,61228
8,align_procrustes,18.58472880359758,-0.047769797693284266,61228
9,dummy,20.76525821596244,-0.08287611394005423,61228
0,no_alignment,18.4736860743966,-0.13301019013483173,48984
1,dummy,20.422535211267604,-0.07982628119194923,48984
2,align_z_score,13.418778465415686,0.3672353369045249,48984
3,dummy,20.422535211267604,-0.07982628119194923,48984
4,align_recenter,14.94798491176774,0.3107764407077269,48984
5,dummy,20.422535211267604,-0.07982628119194923,48984
6,align_recenter_rescale,11.468316996578544,0.5427810371999036,48984
7,dummy,20.422535211267604,-0.07982628119194923,48984
8,align_procrustes,17.425174214855122,0.03238121287633555,48984
9,dummy,20.422535211267604,-0.07982628119194923,48984
0,no_alignment,14.372227989907072,0.32006115723298856,40774
1,dummy,20.422535211267604,-0.08055302681057541,40774
2,align_z_score,12.982576972608488,0.3536885166908946,40774
3,dummy,20.422535211267604,-0.08055302681057541,40774
4,align_recenter,15.12893692258979,0.2914676931070007,40774
5,dummy,20.422535211267604,-0.08055302681057541,40774
6,align_recenter_rescale,13.056195519073535,0.43290474542574,40774
7,dummy,20.422535211267604,-0.08055302681057541,40774
8,align_procrustes,17.72993949898693,0.010234824864641334,40774
9,dummy,20.422535211267604,-0.08055302681057541,40774
